Unnamed: 0,CDR3.beta,Epitope,V,J,full_seq
0,CASCPTCGSIYDQYF,GLCTLVAML,TRBV3,TRBJ2-7*01,SQTIHQWPATLVQPVGSPLSLECTVEGTSNPNLYWYRQAAGRGLQLLFYSVGIGQISSEVPQNLSASRPQDRQFILSSKKLLLSDSGFYLCASCPTCGSIYDQYFGPGTRLTVT
1,CASSQQGQPQHF,FGEVFNATRFASVY,TRBV12,TRBJ1-5,DARVTQTPRHKVTEMGQEVTMRCQPILGHNTVFWYRQTMMQGLELLAYFRNRAPLDDSGMPKDRFSAEMPDATLATLKIQPSEPRDSAVYFCASSQQGQPQHFGDGTRLSIL
2,CASGTPGYEQYF,KLGGALQAK,TRBV27*01,TRBJ2-7*01,EAQVTQNPRYLITVTGKKLTVTCSQNMNHEYMSWYRQDPGLGLRQIYYSMNVEVTDKGDVPEGYKVSRKEKRNFPLILESPSPNQTSLYFCASGTPGYEQYFGPGTRLTVT
3,CSVGTSAYEQFF,GLCTLVAML,TRBV29-1,TRBJ2-1,TIQCQVDSQVTMIFWYRQQPGQSLTLIATANQGSEATYESGFVIDKFPISRPNLTFSTLTVSNMSPEDSSIYLCSVGTSAYEQFFGPGTRLTVL
4,CASSFGPAREQYF,RSVASQSIIAYTMSL,TRBV27,TRBJ2-7,EAQVTQNPRYLITVTGKKLTVTCSQNMNHEYMSWYRQDPGLGLRQIYYSMNVEVTDKGDVPEGYKVSRKEKRNFPLILESPSPNQTSLYFCASSFGPAREQYFVGPGTRLTVT
5,CASQTGLTEAFF,KLGGALQAK,TRBV25-1*01,TRBJ1-1*01,EADIYQTPRYLVIGTGKKITLECSQTMGHDKMYWYQQDPGMELHLIHYSYGVNSTEKGDLSSESTVSRIRTEHFPLTLESARPSHTSQYLCASQTGLTEAFFGQGTRLTVV
6,CASSPHSYEQYF,ELAGIGILTV,TRBV9,TRBJ2-7,DSGVTQTPKHLITATGQRVTLRCSPRSGDLSVYWYQQSLDQGLQFLIQYYNGEERAKGNILERFSAQQFPDLHSELNLSSLELGDSALYFCASSPHSYEQYFVGPGTRLTVT
7,CASSQRRTGPSSTDTQYF,RTLNAWVKV,TRBV4-1*01,TRBJ2-3*01,DTEVTQTPKHLVMGMTNKKSLKCEQHMGHRAMYWYKQKAKKPPELMFVYSYEKLSINESVPSRFSPECPNSSLLNLHLHALQPEDSALYLCASSQRRTGPSSTDTQYFGPGTRLTVL
8,CASSTYRGPTNEKLFF,AVFDRKSDAK,TRBV19*01,TRBJ1-4*01,DGGITQSPKYLFRKEGQNVTLSCEQNLNHDAMYWYRQDPGQGLRLIYYSQIVNDFQKGDIAEGYSVSREKKESFPLTVTSAQKNPTAFYLCASSTYRGPTNEKLFFGSGTQLSVL
9,CASSPWGSPSYEQYF,LLFGYPVYV,TRBV18*01,TRBJ2-7*01,NAGVMQNPRHLVRRRGQEARLRCSPMKGHSHVYWYRQLPEEGLKFMVYLQKENIIDESGMPKERFSAEFPKEGPSILRIQQVVRGDSAAYFCASSPWGSPSYEQYFGPGTRLTVT
10,CSARVGAGNTIVF,GLCTLVAML,TRBV20,TRBJ1-3*01,SAVVSQHPSRVICKSGTSVNIECRSLDFQATTMFWYRQLRKQSLMLMAASNEGSEVTYEQGVKKDKFPINHPNLTFSALTVTSAHPEDSSFYICSARVGAGNTIVFGEGSWLTVV
11,CATSRDLTGTGQETQYF,ILGLPTQTV,TRBV15,TRBJ2-5,DAMVIQNPRYRVTQFGKPVTLSCSQTLNHNVMYWYQQKSSQAPKLLFHYYNKDFNNEADTPDNFQSRRPNTSFCFLDIRSPGLGDAAMYQCATSRDLTGTGQETQYFGPGTRLLVL
12,CASSQVGGPDTQYF,GILGFVFTL,TRBV14,TRBJ2-3,EAGVTQFPSHSVIEKGQTVTLRCDPISGHDNLYWYRRVMGKEIKFLLHFVKESKQDESGMPNNRFLAERTGGTYSTLKVQPAELEDSGVYFCASSQVGGPDTQYFGPGTRLTVL
13,CSVGGLAITEAFF,GLCTLVAML,TRBV29-1*01,TRBJ1-1*01,SAVISQKPSRDICQRGTSLTIQCQVDSQVTMMFWYRQQPGQSLTLIATANQGSEATYESGFVIDKFPISRPNLTFSTLTVSNMSPEDSSIYLCSVGGLAITEAFFGQGTRLTVV
14,CASSSAMNNEQFF,QLMCQPILLL,TRBV27,TRBJ2-1,EAQVTQNPRYLITVTGKKLTVTCSQNMNHEYMSWYRQDPGLGLRQIYYSMNVEVTDKGDVPEGYKVSRKEKRNFPLILESPSPNQTSLYFCASSSAMNNEQFFGPGTRLTVL
15,CASSKGQGISYEQYF,SEHDYQIGGYTEKW,TRBV19,TRBJ2-7,DGGITQSPKYLFRKEGQNVTLSCEQNLNHDAMYWYRQDPGQGLRLIYYSHIVNDFQKGDIAEGYSVSREKKESFPLTVTSAQKNPTAFYLCASSKGQGISYEQYFVGPGTRLTVT
16,CASSLVRSGEKLFF,VQELYSPIFLIV,TRBV5-6,TRBJ1-4,DAGVTQSPTHLIKTRGQQVTLRCSPKSGHDTVSWYQQALGQGPQFIFQYYEEEERQRGNFPDRFSGHQFPNYSSELNVNALLLGDSALYLCASSLVRSGEKLFFGSGTQLSVL
17,CATRGSEGSYNEQFF,GMEVTPSGTWLTY,TRBV24-1,TRBJ2-1,DADVTQTPRNRITKTGKRIMLECSQTKGHDRMYWYRQDPGLGLQLIYYSFDVKDINKGEISDGYSVSRQAQAKFSLSLESAIPNQTALYFCCATRGSEGSYNEQFFGPGTRLTVL
18,CASSLRNAAHTF,FIAGLIAIV,TRBV11-2,TRBJ1-2,EAGVAQSPRYKIIEKRQSVAFWCNPISGHATLYWYQQILGQGPKLLIQFQNNGVVDDSQLPKDRFSAERLKGVDSTLKIQPAKLEDSAVYLCASSLRNAAHTFGSGTRLTVV
19,CAIRGGRTTYEQFF,YVLDHLIVV,TRBV27*01,TRBJ2-1*01,EAQVTQNPRYLITVTGKKLTVTCSQNMNHEYMSWYRQDPGLGLRQIYYSMNVEVTDKGDVPEGYKVSRKEKRNFPLILESPSPNQTSLYFCAIRGGRTTYEQFFGPGTRLTVL
20,CASSYGSLEAFF,FLNGSCGSV,TRBV12,TRBJ1-1,DARVTQTPRHKVTEMGQEVTMRCQPILGHNTVFWYRQTMMQGLELLAYFRNRAPLDDSGMPKDRFSAEMPDATLATLKIQPSEPRDSAVYFCASSYGSLEAFFGQGTRLTVV
21,CSVERQSETQYF,LPAADLDDF,TRBV29-1,TRBJ2-5,TIQCQVDSQVTMIFWYRQQPGQSLTLIATANQGSEATYESGFVIDKFPISRPNLTFSTLTVSNMSPEDSSIYLCSVERQSETQYFGPGTRLLVL
22,CASSQDLRGADTQYF,KLGGALQAK,TRBV3-1*01,TRBJ2-3*01,DTAVSQTPKYLVTQMGNDKSIKCEQNLGHDTMYWYKQDSKKFLKIMFSYNNKELIINETVPNRFSPKSPDKAHLNLHINSLELGDSAVYFCASSQDLRGADTQYFGPGTRLTVL
23,CASSLMGQSYNEQFF,FLPRVFSAV,TRBV12,TRBJ2-1,DARVTQTPRHKVTEMGQEVTMRCQPILGHNTVFWYRQTMMQGLELLAYFRNRAPLDDSGMPKDRFSAEMPDATLATLKIQPSEPRDSAVYFCASSLMGQSYNEQFFGPGTRLTVL
24,CASSFQDTQYF,KLGGALQAK,TRBV7-2*01,TRBJ2-3*01,GAGVSQSPSNKVTEKGKDVELRCDPISGHTALYWYRQSLGQGLEFLIYFQGNSAPDKSGLPSDRFSAERTGGSVSTLTIQRTQQEDSAVYLCASSFQDTQYFGPGTRLTVL
25,CASSSLGGGWRGQFF,GLCTLVAML,TRBV6-5*01,TRBJ2-1*01,NAGVTQTPKFQVLKTGQSMTLQCAQDMNHEYMSWYRQDPGMGLRLIHYSVGAGITDQGEVPNGYNVSRSTTEDFPLRLLSAAPSQTSVYFCASSSLGGGWRGQFFGPGTRLTVL
26,CASSPNDYEQYF,FLNRFTTTL,TRBV18,TRBJ2-7,NAGVMQNPRHLVRRRGQEARLRCSPMKGHSHVYWYRQLPEEGLKFMVYLQKENIIDESGMPKERFSAEFPKEGPSILRIQQVVRGDSAAYFCASSPNDYEQYFVGPGTRLTVT
27,CASSLGSSEAFF,LLYDANYFL,TRBV11-2,TRBJ1-1,EAGVAQSPRYKIIEKRQSVAFWCNPISGHATLYWYQQILGQGPKLLIQFQNNGVVDDSQLPKDRFSAERLKGVDSTLKIQPAKLEDSAVYLCASSLGSSEAFFGQGTRLTVV
28,CSVGHRELMKNCFF,GLCTLVAML,TRBV29-1*01,TRBJ1-4*01,SAVISQKPSRDICQRGTSLTIQCQVDSQVTMMFWYRQQPGQSLTLIATANQGSEATYESGFVIDKFPISRPNLTFSTLTVSNMSPEDSSIYLCSVGHRELMKNCFFGSGTQLSVL
29,CASNMFNSRYGYTF,KTAYSHLSTSK,TRBV5-6*01,TRBJ1-2*01,DAGVTQSPTHLIKTRGQQVTLRCSPKSGHDTVSWYQQALGQGPQFIFQYYEEEERQRGNFPDRFSGHQFPNYSSELNVNALLLGDSALYLCASNMFNSRYGYTFGSGTRLTVV
30,CSALLSGGANEQFF,LLWNGPMAV,TRBV29-1,TRBJ2-1,TIQCQVDSQVTMIFWYRQQPGQSLTLIATANQGSEATYESGFVIDKFPISRPNLTFSTLTVSNMSPEDSSIYLCSALLSGGANEQFFGPGTRLTVL
31,CASSDRPLQFF,KLGGALQAK,TRBV6-4*01,TRBJ2-1*01,IAGITQAPTSQILAAGRRMTLRCTQDMRHNAMYWYRQDLGLGLRLIHYSNTAGTTGKGEVPDGYSVSRANTDDFPLTLASAVPSQTSVYFCASSDRPLQFFGPGTRLTVL
32,CASSQGSGVRQETQYF,KLPDDFTGCV,TRBV14,TRBJ2-5,EAGVTQFPSHSVIEKGQTVTLRCDPISGHDNLYWYRRVMGKEIKFLLHFVKESKQDESGMPNNRFLAERTGGTYSTLKVQPAELEDSGVYFCASSQGSGVRQETQYFGPGTRLLVL
33,CASSPSGAGDYEQYF,TVATSRTLSYYK,TRBV9,TRBJ2-7,DSGVTQTPKHLITATGQRVTLRCSPRSGDLSVYWYQQSLDQGLQFLIQYYNGEERAKGNILERFSAQQFPDLHSELNLSSLELGDSALYFCASSPSGAGDYEQYFVGPGTRLTVT
34,CASSSGQGVTSGANVLTF,FGEVFNATRFASVY,TRBV7-6,TRBJ2-6,GAGVSQSPRYKVTKRGQDVALRCDPISGHVSLYWYRQALGQGPEFLTYFNYEAQQDKSGLPNDRFSAERPEGSISTLTIQRTEQRDSAMYRCASSSGQGVTSGANVLTFGAGSRLTVL
35,CASSLGAGGPSDTQYF,QYDPVAALF,TRBV5,TRBJ2-3,EAGVTQSPTHLIKTRGQQATLRCSPISGHTSVYWYQQALGLGLQFLLWYDEGEERNRGNFPPRFSGRQFPNYSSELNVNALELEDSALYLCASSLGAGGPSDTQYFGPGTRLTVL
36,CASTVEGGLVNTEAFF,GLCTLVAML,TRBV9*01,TRBJ1-1*01,DSGVTQTPKHLITATGQRVTLRCSPRSGDLSVYWYQQSLDQGLQFLIQYYNGEERAKGNILERFSAQQFPDLHSELNLSSLELGDSALYFCASTVEGGLVNTEAFFGQGTRLTVV
37,CASSYPGQQETQYF,KSKRTPMGF,TRBV12-3*01,TRBJ2-5*01,DAGVIQSPRHEVTEMGQEVTLRCKPISGHNSLFWYRQTMMRGLELLIYFNNNVPIDDSGMPEDRFSAKMPNASFSTLKIQPSEPRDSAVYFCASSYPGQQETQYFGPGTRLLVL
38,CASSILVVTGELFF,KLGGALQAK,TRBV19*01,TRBJ2-2*01,DGGITQSPKYLFRKEGQNVTLSCEQNLNHDAMYWYRQDPGQGLRLIYYSQIVNDFQKGDIAEGYSVSREKKESFPLTVTSAQKNPTAFYLCASSILVVTGELFFGEGSRLTVL
39,CASSPGTSGRVYEQYF,APKEIIFLEGETL,TRBV3,TRBJ2-7,SQTIHQWPATLVQPVGSPLSLECTVEGTSNPNLYWYRQAAGRGLQLLFYSVGIGQISSEVPQNLSASRPQDRQFILSSKKLLLSDSGFYLCASSPGTSGRVYEQYFT
40,CASSFQWGEEKLFF,HTTDPSFLGRY,TRBV27,TRBJ1-4,EAQVTQNPRYLITVTGKKLTVTCSQNMNHEYMSWYRQDPGLGLRQIYYSMNVEVTDKGDVPEGYKVSRKEKRNFPLILESPSPNQTSLYFCASSFQWGEEKLFFGSGTQLSVL
41,CASSTQKTGNANNEQFF,FLPFFSNVTWFHAI,TRBV28,TRBJ2-1,DVKVTQSSRYLVKRTGEKVFLECVQDMDHENMFWYRQDPGLGLRLIYFSYDVKMKEKGDIPEGYSVSREKKERFSLILESASTNQTSMYLCASSTQKTGNANNEQFFGPGTRLTVL
42,CASSGDSSNQPQHF,HTTDPSFLGRY,TRBV28,TRBJ1-5,DVKVTQSSRYLVKRTGEKVFLECVQDMDHENMFWYRQDPGLGLRLIYFSYDVKMKEKGDIPEGYSVSREKKERFSLILESASTNQTSMYLCASSGDSSNQPQHFGDGTRLSIL
43,CASSIIGGTSNEQYF,FLNGSCGSV,TRBV19,TRBJ2-7,DGGITQSPKYLFRKEGQNVTLSCEQNLNHDAMYWYRQDPGQGLRLIYYSHIVNDFQKGDIAEGYSVSREKKESFPLTVTSAQKNPTAFYLCASSIIGGTSNEQYFVGPGTRLTVT
44,CASSQGFWTFGNTIYF,KLGGALQAK,TRBV4-3*01,TRBJ1-3*01,ETGVTQTPRHLVMGMTNKKSLKCEQHLGHNAMYWYKQSAKKPLELMFVYSLEERVENNSVPSRFSPECPNSSHLFLHLHTLQPEDSALYLCASSQGFWTFGNTIYFGEGSWLTVV
45,CASSQGGSFNEQFF,HTTDPSFLGRY,TRBV14,TRBJ2-1,EAGVTQFPSHSVIEKGQTVTLRCDPISGHDNLYWYRRVMGKEIKFLLHFVKESKQDESGMPNNRFLAERTGGTYSTLKVQPAELEDSGVYFCASSQGGSFNEQFFGPGTRLTVL
46,CASSVSGESSYNEQFF,KLSYGIATV,TRBV9,TRBJ2-1,DSGVTQTPKHLITATGQRVTLRCSPRSGDLSVYWYQQSLDQGLQFLIQYYNGEERAKGNILERFSAQQFPDLHSELNLSSLELGDSALYFCASSVSGESSYNEQFFGPGTRLTVL
47,CASTFRIRRETYNEQFF,HTTDPSFLGRY,TRBV28,TRBJ2-1,DVKVTQSSRYLVKRTGEKVFLECVQDMDHENMFWYRQDPGLGLRLIYFSYDVKMKEKGDIPEGYSVSREKKERFSLILESASTNQTSMYLCASTFRIRRETYNEQFFGPGTRLTVL
48,CASSLGQGRFTEAFF,VLPFNDGVYFASTEK,TRBV5-1,TRBJ1-1,RAGVTQTPRHLIKTRGQQVTLGCSPISGHRSVSWYQQTLGQGLQFLFEYFSETQRNKGNFLGRFSGRQFSNSRSEMNVSTLELGDSALYLCASSLGQGRFTEAFFVV
49,CASSSRLAGFYEQYF,GLCTLVAML,TRBV11-1*01,TRBJ2-7*01,EAEVAQSPRYKITEKSQAVAFWCDPISGHATLYWYRQILGQGPELLVQFQDESVVDDSQLPKDRFSAERLKGVDSTLKIQPAELGDSAMYLCASSSRLAGFYEQYFGPGTRLTVT
50,CASSLAGAQGAQF,LSPRWYFYYL,TRBV5-1,TRBJ1-2,RAGVTQTPRHLIKTRGQQVTLGCSPISGHRSVSWYQQTLGQGLQFLFEYFSETQRNKGNFLGRFSGRQFSNSRSEMNVSTLELGDSALYLCASSLAGAQGAQFGSGTRLTVV